<?xml version="1.0" encoding="UTF-8"?>
<project-private xmlns="http://www.netbeans.org/ns/project-private/1">
    <editor-bookmarks xmlns="http://www.netbeans.org/ns/editor-bookmarks/2" lastBookmarkId="0"/>
    <open-files xmlns="http://www.netbeans.org/ns/projectui-open-files/2">
        <group>
            <file>file:/C:/Users/USER/Documents/CCIT/semstr%202/Q2/Project%204/MoonNight_Hotel/src/java/jdbc/ReserverARoom.java</file>
            <file>file:/C:/Users/USER/Documents/CCIT/semstr%202/Q2/Project%204/MoonNight_Hotel/web/owner/contact.jsp</file>
            <file>file:/C:/Users/USER/Documents/CCIT/semstr%202/Q2/Project%204/MoonNight_Hotel/web/user/about.jsp</file>
            <file>file:/C:/Users/USER/Documents/CCIT/semstr%202/Q2/Project%204/MoonNight_Hotel/src/java/common/DB_Connection.java</file>
            <file>file:/C:/Users/USER/Documents/CCIT/semstr%202/Q2/Project%204/MoonNight_Hotel/web/owner/about.jsp</file>
        </group>
    </open-files>
</project-private>
